"","2hG","BMI","FG","HOMA-IR","HOMA-b","HDL/LDL ratio","QUICKI","TG/HDL ratio","TyG index"
"Metabolite1",-0.424844959750772,-0.908887001220137,0.913666690699756,0.799649940803647,0.779078632127494,0.417060936335474,0.926048465073109,-0.0444080578163266,-0.714399955235422
"Metabolite2",0.576610270887613,0.0562109760940075,-0.093331687618047,-0.50782453129068,0.385606812313199,0.0881320494227111,0.804598090238869,0.516919075045735,-0.170907328370959
"Metabolite3",-0.1820461563766,0.784838088788092,0.355141270905733,-0.915880932938308,0.281013627536595,0.188284040894359,0.381410556845367,-0.567184128332883,-0.172551347408444
"Metabolite4",0.766034808009863,0.102870028931648,0.145266803912818,-0.344158561434597,0.988539553247392,-0.42168052541092,0.590934835374355,-0.363637984730303,-0.262309098150581
"Metabolite5",0.880934568587691,-0.0867705293931067,-0.794150634668767,0.909007298294455,0.311411598231643,-0.705772705376148,-0.950772630982101,-0.536748429294676,-0.695110504515469
